{"Count":5,"FilesInfo":[{"FileName":"C:\\Users\\User\\Desktop\\そして勇者は眠りにつく/.autosave/autosave.2025-6-15_2-27-41.txt","RawPath":"C:\\Users\\User\\Desktop\\そして勇者は眠りにつく","SavedTime":1749954461},{"FileName":"C:\\Users\\User\\Desktop\\そして勇者は眠りにつく/.autosave/autosave.2025-6-15_2-28-41.txt","RawPath":"C:\\Users\\User\\Desktop\\そして勇者は眠りにつく","SavedTime":1749954521},{"FileName":"C:\\Users\\User\\Desktop\\そして勇者は眠りにつく/.autosave/autosave.2025-6-15_2-30-41.txt","RawPath":"C:\\Users\\User\\Desktop\\そして勇者は眠りにつく","SavedTime":1749954641},{"FileName":"C:\\Users\\User\\Desktop\\そして勇者は眠りにつく/.autosave/autosave.2025-6-15_2-34-41.txt","RawPath":"C:\\Users\\User\\Desktop\\そして勇者は眠りにつく","SavedTime":1749954881},{"FileName":"C:\\Users\\User\\Desktop\\神鳴/.autosave/autosave.2025-7-20_23-31-48.txt","RawPath":"C:\\Users\\User\\Desktop\\神鳴","SavedTime":1753054308}]}