{"Count":5,"FilesInfo":[{"FileName":"C:\\Users\\jj228\\Desktop\\自製譜\\一龠/.autosave/autosave.2025-3-29_23-28-15.txt","RawPath":"C:\\Users\\jj228\\Desktop\\自製譜\\一龠","SavedTime":1743290895},{"FileName":"C:\\Users\\jj228\\Desktop\\自製譜\\一龠/.autosave/autosave.2025-3-29_23-29-15.txt","RawPath":"C:\\Users\\jj228\\Desktop\\自製譜\\一龠","SavedTime":1743290955},{"FileName":"C:\\Users\\jj228\\Desktop\\自製譜\\一龠/.autosave/autosave.2025-3-29_23-35-16.txt","RawPath":"C:\\Users\\jj228\\Desktop\\自製譜\\一龠","SavedTime":1743291316},{"FileName":"C:\\Users\\jj228\\Desktop\\自製譜\\一龠/.autosave/autosave.2025-3-30_0-1-46.txt","RawPath":"C:\\Users\\jj228\\Desktop\\自製譜\\一龠","SavedTime":1743292906},{"FileName":"C:\\Users\\jj228\\Desktop\\自製譜\\一龠/.autosave/autosave.2025-3-30_0-3-46.txt","RawPath":"C:\\Users\\jj228\\Desktop\\自製譜\\一龠","SavedTime":1743293026}]}