{"Count":5,"FilesInfo":[{"FileName":"C:\\Users\\User\\Desktop\\來都來了/.autosave/autosave.2025-7-17_1-39-31.txt","RawPath":"C:\\Users\\User\\Desktop\\來都來了","SavedTime":1752716371},{"FileName":"C:\\Users\\User\\Desktop\\來都來了/.autosave/autosave.2025-7-17_1-40-31.txt","RawPath":"C:\\Users\\User\\Desktop\\來都來了","SavedTime":1752716431},{"FileName":"C:\\Users\\User\\Desktop\\來都來了/.autosave/autosave.2025-7-17_1-41-31.txt","RawPath":"C:\\Users\\User\\Desktop\\來都來了","SavedTime":1752716491},{"FileName":"C:\\Users\\User\\Desktop\\來都來了/.autosave/autosave.2025-7-17_1-42-31.txt","RawPath":"C:\\Users\\User\\Desktop\\來都來了","SavedTime":1752716551},{"FileName":"C:\\Users\\User\\Desktop\\來都來了/.autosave/autosave.2025-7-17_1-45-31.txt","RawPath":"C:\\Users\\User\\Desktop\\來都來了","SavedTime":1752716731}]}